{
    "title": 
        "Основи на програмирането с Python",
    "description": 
        "Безплатна книга \"Основи на програмирането с Python\" за напълно начинаещи. Обхваща езика Python, Python интерпретатор, среда за разработка PyCharm, променливи, данни, пресмятания, проверки, условни конструкции, конструкции за цикли, вложени цикли, функции и много практически задачи.",
    "isbn": 
        "978-619-00-0806-4",
    "language":
        "bg",
    "plugins": [
        "ga",
        "meta",
        "anchors",
        "expandable-chapters-small",
        "katex",
        "scripts",
        "page-toc-button"
    ],
    "pluginsConfig": {
        "ga": {
            "token": "UA-11309924-24"
        },
        "scripts": {
            "files": [
                "./assets/js/repl.it-code-runner.js",
                "./assets/js/video.js",
                "./assets/js/top-menu.js"
            ]
        }
    },
    "pdf": {
        "paperSize": "a4",
        "margin": { 
            "top": 48,
            "bottom": 48,
            "left": 36,
            "right": 36
        }
    }
}
